{"cameraMode":{"drawMode":0,"name":"Shaded","section":"Shading Mode"},"sceneLighting":true,"audioPlay":false,"sceneViewState":{"showFog":true,"showMaterialUpdate":false,"showSkybox":true,"showFlares":true,"showImageEffects":true,"showParticleSystems":true},"in2DMode":false,"pivot":{"x":16.773944854736329,"y":24.73014259338379,"z":79.23991394042969},"rotation":{"x":0.26930174231529238,"y":-0.6804919242858887,"z":0.2996688485145569,"w":0.6123033761978149},"size":0.983898401260376,"orthographic":false}